department_id,avg_performance,avg_feedback
DPT001,3.9167,3.983333333333332
DPT002,3.7833,3.8983333333333325
DPT003,4.1837,3.8816326530612226
DPT004,4.1163,3.934883720930233
