department_id,AVG_FEEDBACK,AVG_MILESTONE,NO_OF_PROJECTS
DPT001,3.9157894736842094,5.5132,76
DPT003,3.8875,6.2125,80
DPT002,3.8783018867924524,5.9245,106
DPT004,3.858333333333336,6.2639,72
